http://dartmouth.smartcatalogiq.com/en/2014/orc/Departments-Programs-Undergraduate/African-and-African-American-Studies/AAAS-African-and-African-American-Studies
http://dartmouth.smartcatalogiq.com/en/2014/orc/Departments-Programs-Undergraduate/Anthropology/ANTH-Anthropology
http://dartmouth.smartcatalogiq.com/en/2014/orc/Departments-Programs-Undergraduate/Art-History/ARTH-Art-History
http://dartmouth.smartcatalogiq.com/en/2014/orc/Departments-Programs-Undergraduate/Asian-and-Middle-Eastern-Languages-and-Literatures-Arabic-Chinese-Hebrew-Japanese/AMEL-Asian-and-Middle-Eastern-Languages-and-LiteraturesAMELL
http://dartmouth.smartcatalogiq.com/en/2014/orc/Departments-Programs-Undergraduate/Asian-and-Middle-Eastern-Languages-and-Literatures-Arabic-Chinese-Hebrew-Japanese/ARAB-Arabic
http://dartmouth.smartcatalogiq.com/en/2014/orc/Departments-Programs-Undergraduate/Asian-and-Middle-Eastern-Languages-and-Literatures-Arabic-Chinese-Hebrew-Japanese/CHIN-Chinese
http://dartmouth.smartcatalogiq.com/en/2014/orc/Departments-Programs-Undergraduate/Asian-and-Middle-Eastern-Languages-and-Literatures-Arabic-Chinese-Hebrew-Japanese/HEBR-Hebrew
http://dartmouth.smartcatalogiq.com/en/2014/orc/Departments-Programs-Undergraduate/Asian-and-Middle-Eastern-Languages-and-Literatures-Arabic-Chinese-Hebrew-Japanese/JAPN-Japanese
http://dartmouth.smartcatalogiq.com/en/2014/orc/Departments-Programs-Undergraduate/Asian-and-Middle-Eastern-Studies/AMES-Asian-and-Middle-Eastern-Studies
http://dartmouth.smartcatalogiq.com/en/2014/orc/Departments-Programs-Undergraduate/Biological-Sciences/BIOL-Biological-Sciences-Undergraduate
http://dartmouth.smartcatalogiq.com/en/2014/orc/Departments-Programs-Undergraduate/Chemistry/CHEM-Chemistry-Undergraduate
http://dartmouth.smartcatalogiq.com/en/2014/orc/Departments-Programs-Undergraduate/Classics-Classical-Studies-Greek-Latin/CLST-Classical-Studies
http://dartmouth.smartcatalogiq.com/en/2014/orc/Departments-Programs-Undergraduate/Classics-Classical-Studies-Greek-Latin/GRK-Greek
http://dartmouth.smartcatalogiq.com/en/2014/orc/Departments-Programs-Undergraduate/Classics-Classical-Studies-Greek-Latin/LAT-Latin
http://dartmouth.smartcatalogiq.com/en/2014/orc/Departments-Programs-Undergraduate/College-Courses/COCO-College-Courses
http://dartmouth.smartcatalogiq.com/en/2014/orc/Departments-Programs-Undergraduate/Comparative-Literature/COLT-Comparative-Literature-Undergraduate
http://dartmouth.smartcatalogiq.com/en/2014/orc/Departments-Programs-Undergraduate/Computer-Science/COSC-Computer-Science-Undergraduate
http://dartmouth.smartcatalogiq.com/en/2014/orc/Departments-Programs-Undergraduate/The-John-Sloan-Dickey-Center-For-International-Understanding/INTS-International-Studies
http://dartmouth.smartcatalogiq.com/en/2014/orc/Departments-Programs-Undergraduate/War-and-Peace-Studies/WPS-War-and-Peace-Studies
http://dartmouth.smartcatalogiq.com/en/2014/orc/Departments-Programs-Undergraduate/Earth-Sciences/EARS-Earth-Sciences-Undergraduate
http://dartmouth.smartcatalogiq.com/en/2014/orc/Departments-Programs-Undergraduate/Economics/ECON-Economics
http://dartmouth.smartcatalogiq.com/en/2014/orc/Departments-Programs-Undergraduate/Education/EDUC-Education
http://dartmouth.smartcatalogiq.com/en/2014/orc/Departments-Programs-Undergraduate/Engineering-Sciences/ENGS-Engineering-Sciences-Undergraduate
http://dartmouth.smartcatalogiq.com/en/2014/orc/Departments-Programs-Undergraduate/English/ENGL-English/Section-I-Non-Major-Courses
http://dartmouth.smartcatalogiq.com/en/2014/orc/Departments-Programs-Undergraduate/English/ENGL-English/Section-II-Major-Courses
http://dartmouth.smartcatalogiq.com/en/2014/orc/Departments-Programs-Undergraduate/English/ENGL-English/Section-III-Special-Topics-Courses
http://dartmouth.smartcatalogiq.com/en/2014/orc/Departments-Programs-Undergraduate/English/ENGL-English/Section-IV-Junior-Colloquia
http://dartmouth.smartcatalogiq.com/en/2014/orc/Departments-Programs-Undergraduate/English/ENGL-English/Section-V-Senior-Seminars
http://dartmouth.smartcatalogiq.com/en/2014/orc/Departments-Programs-Undergraduate/English/ENGL-English/Section-VI-Creative-Writing
http://dartmouth.smartcatalogiq.com/en/2014/orc/Departments-Programs-Undergraduate/English/ENGL-English/Section-VII-Foreign-Study-Courses
http://dartmouth.smartcatalogiq.com/en/2014/orc/Departments-Programs-Undergraduate/English/ENGL-English/Section-VIII-Independent-Study-and-Honors
http://dartmouth.smartcatalogiq.com/en/2014/orc/Departments-Programs-Undergraduate/Environmental-Studies-Program/ENVS-Environmental-Studies
http://dartmouth.smartcatalogiq.com/en/2014/orc/Departments-Programs-Undergraduate/Film-and-Media-Studies/FILM-Film-and-Media-Studies
http://dartmouth.smartcatalogiq.com/en/2014/orc/Departments-Programs-Undergraduate/French-and-Italian-Languages-and-Literatures/FREN-French
http://dartmouth.smartcatalogiq.com/en/2014/orc/Departments-Programs-Undergraduate/French-and-Italian-Languages-and-Literatures/FRIT-French-and-Italian-in-Translation
http://dartmouth.smartcatalogiq.com/en/2014/orc/Departments-Programs-Undergraduate/French-and-Italian-Languages-and-Literatures/ITAL-Italian
http://dartmouth.smartcatalogiq.com/en/2014/orc/Departments-Programs-Undergraduate/Geography/GEOG-Geography
http://dartmouth.smartcatalogiq.com/en/2014/orc/Departments-Programs-Undergraduate/German-Studies/GERM-German-Studies
http://dartmouth.smartcatalogiq.com/en/2014/orc/Departments-Programs-Undergraduate/Government/GOVT-Government
http://dartmouth.smartcatalogiq.com/en/2014/orc/Departments-Programs-Undergraduate/History/HIST-History
http://dartmouth.smartcatalogiq.com/en/2014/orc/Departments-Programs-Undergraduate/Humanities/HUM-Humanities
http://dartmouth.smartcatalogiq.com/en/2014/orc/Departments-Programs-Undergraduate/Jewish-Studies/JWST-Jewish-Studies
http://dartmouth.smartcatalogiq.com/en/2014/orc/Departments-Programs-Undergraduate/Latin-American-Latino-and-Caribbean-Studies/LACS-Latin-American-and-Caribbean-Studies
http://dartmouth.smartcatalogiq.com/en/2014/orc/Departments-Programs-Undergraduate/Latin-American-Latino-and-Caribbean-Studies/LATS-Latino-Studies
http://dartmouth.smartcatalogiq.com/en/2014/orc/Departments-Programs-Undergraduate/Linguistics-and-Cognitive-Science/COGS-Cognitive-Science
http://dartmouth.smartcatalogiq.com/en/2014/orc/Departments-Programs-Undergraduate/Linguistics-and-Cognitive-Science/LING-Linguistics
http://dartmouth.smartcatalogiq.com/en/2014/orc/Departments-Programs-Undergraduate/Mathematics/MATH-Mathematics-Undergraduate
http://dartmouth.smartcatalogiq.com/en/2014/orc/Departments-Programs-Undergraduate/Mathematics-and-Social-Sciences/MSS-Mathematics-and-Social-Sciences
http://dartmouth.smartcatalogiq.com/en/2014/orc/Departments-Programs-Undergraduate/Music/MUS-Music-Undergraduate/Introductory-Courses
http://dartmouth.smartcatalogiq.com/en/2014/orc/Departments-Programs-Undergraduate/Music/MUS-Music-Undergraduate/Theory-and-Composition
http://dartmouth.smartcatalogiq.com/en/2014/orc/Departments-Programs-Undergraduate/Music/MUS-Music-Undergraduate/Time-Place-Culture
http://dartmouth.smartcatalogiq.com/en/2014/orc/Departments-Programs-Undergraduate/Music/MUS-Music-Undergraduate/Performance-Courses
http://dartmouth.smartcatalogiq.com/en/2014/orc/Departments-Programs-Undergraduate/Music/MUS-Music-Undergraduate/Individual-Instruction-Program-IIP
http://dartmouth.smartcatalogiq.com/en/2014/orc/Departments-Programs-Undergraduate/Music/MUS-Music-Undergraduate/Foreign-Study-Courses
http://dartmouth.smartcatalogiq.com/en/2014/orc/Departments-Programs-Undergraduate/Music/MUS-Music-Undergraduate/Independent-Research-Courses
http://dartmouth.smartcatalogiq.com/en/2014/orc/Departments-Programs-Undergraduate/Native-American-Studies-Program/NAS-Native-American-Studies
http://dartmouth.smartcatalogiq.com/en/2014/orc/Departments-Programs-Undergraduate/Philosophy/PHIL-Philosophy
http://dartmouth.smartcatalogiq.com/en/2014/orc/Departments-Programs-Undergraduate/Physics-and-Astronomy/ASTR-Astronomy-Undergraduate
http://dartmouth.smartcatalogiq.com/en/2014/orc/Departments-Programs-Undergraduate/Physics-and-Astronomy/PHYS-Physics-Undergraduate
http://dartmouth.smartcatalogiq.com/en/2014/orc/Departments-Programs-Undergraduate/Psychological-and-Brain-Sciences/PSYC-Psychological-and-Brain-Sciences
http://dartmouth.smartcatalogiq.com/en/2014/orc/Departments-Programs-Undergraduate/The-Nelson-A-Rockefeller-Center-for-Public-Policy/Public-Policy-Minor/PBPL-Public-Policy
http://dartmouth.smartcatalogiq.com/en/2014/orc/Departments-Programs-Undergraduate/Religion/REL-Religion/Elementary-Course
http://dartmouth.smartcatalogiq.com/en/2014/orc/Departments-Programs-Undergraduate/Religion/REL-Religion/Introductory-Courses
http://dartmouth.smartcatalogiq.com/en/2014/orc/Departments-Programs-Undergraduate/Religion/REL-Religion/Theories-in-the-Study-of-Religion-Courses
http://dartmouth.smartcatalogiq.com/en/2014/orc/Departments-Programs-Undergraduate/Religion/REL-Religion/Intermediate-Courses
http://dartmouth.smartcatalogiq.com/en/2014/orc/Departments-Programs-Undergraduate/Religion/REL-Religion/Advanced-Courses
http://dartmouth.smartcatalogiq.com/en/2014/orc/Departments-Programs-Undergraduate/Russian-Language-and-Literature/RUSS-Russian-Language-and-Literature
http://dartmouth.smartcatalogiq.com/en/2014/orc/Departments-Programs-Undergraduate/Social-Science/SSOC-Social-Science
http://dartmouth.smartcatalogiq.com/en/2014/orc/Departments-Programs-Undergraduate/Sociology/SOCY-Sociology
http://dartmouth.smartcatalogiq.com/en/2014/orc/Departments-Programs-Undergraduate/Spanish-and-Portuguese-Languages-and-Literatures/SPAN-Spanish
http://dartmouth.smartcatalogiq.com/en/2014/orc/Departments-Programs-Undergraduate/Spanish-and-Portuguese-Languages-and-Literatures/PORT-Portuguese
http://dartmouth.smartcatalogiq.com/en/2014/orc/Departments-Programs-Undergraduate/Studio-Art/SART-Studio-Art
http://dartmouth.smartcatalogiq.com/en/2014/orc/Departments-Programs-Undergraduate/Theater/THEA-Theater
http://dartmouth.smartcatalogiq.com/en/2014/orc/Departments-Programs-Undergraduate/Tuck-Undergraduate/TUCK-Tuck-Undergraduate
http://dartmouth.smartcatalogiq.com/en/2014/orc/Departments-Programs-Undergraduate/Womens-and-Gender-Studies-Program/WGST-Womens-and-Gender-Studies
http://dartmouth.smartcatalogiq.com/en/2014/orc/Departments-Programs-Undergraduate/Institute-for-Writing-and-Rhetoric/SPEE-Speech
http://dartmouth.smartcatalogiq.com/en/2014/orc/Departments-Programs-Undergraduate/Institute-for-Writing-and-Rhetoric/WRIT-Writing
